Workbook

Sheet 팀배정(확정)
A3: 구분 | B3: 성명 | C3: 부서 | D3: 직위 | E3: 성별 | G3: 구분 | H3: 성명 | I3: 부서 | J3: 직위 | K3: 성별 | M3: 구분 | N3: 성명 | O3: 부서 | P3: 직위 | Q3: 성별 | S3: 구분 | T3: 성명 | U3: 부서 | V3: 직위 | W3: 성별
A4: 1 | B4: 김현 | C4: =IFERROR(VLOOKUP(B4,[1]사원명부!C$1:D$65536,2,0),"") -> 기술개발본부 | D4: =IFERROR(VLOOKUP(B4,[1]사원명부!C$1:F$65536,4,0),"") -> 이사 | E4: =IFERROR(VLOOKUP(B4,[1]사원명부!C$1:G$65536,5,0),"") -> 남자 | G4: 1 | H4: 김민엽 | I4: =IFERROR(VLOOKUP(H4,[1]사원명부!C$1:D$65536,2,0),"") -> ICT사업부 | J4: =IFERROR(VLOOKUP(H4,[1]사원명부!C$1:F$65536,4,0),"") -> 상무 | K4: =IFERROR(VLOOKUP(H4,[1]사원명부!C$1:G$65536,5,0),"") -> 남자 | M4: 1 | N4: 신희용 | O4: =IFERROR(VLOOKUP(N4,[1]사원명부!C$1:D$65536,2,0),"") -> 솔루션사업부 | P4: =IFERROR(VLOOKUP(N4,[1]사원명부!C$1:F$65536,4,0),"") -> 책임 | Q4: =IFERROR(VLOOKUP(N4,[1]사원명부!C$1:G$65536,5,0),"") -> 남자 | S4: 1 | T4: 이상재 | U4: =IFERROR(VLOOKUP(T4,[1]사원명부!C$1:D$65536,2,0),"") -> 운영기술개발실 | V4: =IFERROR(VLOOKUP(T4,[1]사원명부!C$1:F$65536,4,0),"") -> 상무 | W4: =IFERROR(VLOOKUP(T4,[1]사원명부!C$1:G$65536,5,0),"") -> 남자
A5: 2 | B5: 박성규 | C5: =IFERROR(VLOOKUP(B5,[1]사원명부!C$1:D$65536,2,0),"") -> 응용기술개발센터 | D5: =IFERROR(VLOOKUP(B5,[1]사원명부!C$1:F$65536,4,0),"") -> 수석 | E5: =IFERROR(VLOOKUP(B5,[1]사원명부!C$1:G$65536,5,0),"") -> 남자 | G5: 2 | H5: 고석영 | I5: =IFERROR(VLOOKUP(H5,[1]사원명부!C$1:D$65536,2,0),"") -> SM사업팀 | J5: =IFERROR(VLOOKUP(H5,[1]사원명부!C$1:F$65536,4,0),"") -> 책임 | K5: =IFERROR(VLOOKUP(H5,[1]사원명부!C$1:G$65536,5,0),"") -> 남자 | M5: 2 | N5: 양승훈 | O5: =IFERROR(VLOOKUP(N5,[1]사원명부!C$1:D$65536,2,0),"") -> 솔루션사업부 | P5: =IFERROR(VLOOKUP(N5,[1]사원명부!C$1:F$65536,4,0),"") -> 책임 | Q5: =IFERROR(VLOOKUP(N5,[1]사원명부!C$1:G$65536,5,0),"") -> 남자 | S5: 2 | T5: 김길용 | U5: =IFERROR(VLOOKUP(T5,[1]사원명부!C$1:D$65536,2,0),"") -> 운영기술개발실 | V5: =IFERROR(VLOOKUP(T5,[1]사원명부!C$1:F$65536,4,0),"") -> 수석 | W5: =IFERROR(VLOOKUP(T5,[1]사원명부!C$1:G$65536,5,0),"") -> 남자
A6: 3 | B6: 신동훈 | C6: =IFERROR(VLOOKUP(B6,[1]사원명부!C$1:D$65536,2,0),"") -> 응용개발1팀 | D6: =IFERROR(VLOOKUP(B6,[1]사원명부!C$1:F$65536,4,0),"") -> 수석 | E6: =IFERROR(VLOOKUP(B6,[1]사원명부!C$1:G$65536,5,0),"") -> 남자 | G6: 3 | H6: 하재철 | I6: =IFERROR(VLOOKUP(H6,[1]사원명부!C$1:D$65536,2,0),"") -> SM사업팀 | J6: =IFERROR(VLOOKUP(H6,[1]사원명부!C$1:F$65536,4,0),"") -> 전임 | K6: =IFERROR(VLOOKUP(H6,[1]사원명부!C$1:G$65536,5,0),"") -> 남자 | M6: 3 | N6: 김요셉 | O6: =IFERROR(VLOOKUP(N6,[1]사원명부!C$1:D$65536,2,0),"") -> 솔루션사업부 | P6: =IFERROR(VLOOKUP(N6,[1]사원명부!C$1:F$65536,4,0),"") -> 책임 | Q6: =IFERROR(VLOOKUP(N6,[1]사원명부!C$1:G$65536,5,0),"") -> 남자 | S6: 3 | T6: 권순환 | U6: =IFERROR(VLOOKUP(T6,[1]사원명부!C$1:D$65536,2,0),"") -> 운영기술개발실 | V6: =IFERROR(VLOOKUP(T6,[1]사원명부!C$1:F$65536,4,0),"") -> 전임 | W6: =IFERROR(VLOOKUP(T6,[1]사원명부!C$1:G$65536,5,0),"") -> 남자
A7: 4 | B7: 이훈휘 | C7: =IFERROR(VLOOKUP(B7,[1]사원명부!C$1:D$65536,2,0),"") -> 응용개발1팀 | D7: =IFERROR(VLOOKUP(B7,[1]사원명부!C$1:F$65536,4,0),"") -> 책임 | E7: =IFERROR(VLOOKUP(B7,[1]사원명부!C$1:G$65536,5,0),"") -> 남자 | G7: 4 | H7: 이준영 | I7: =IFERROR(VLOOKUP(H7,[1]사원명부!C$1:D$65536,2,0),"") -> SM사업팀 | J7: =IFERROR(VLOOKUP(H7,[1]사원명부!C$1:F$65536,4,0),"") -> 전임 | K7: =IFERROR(VLOOKUP(H7,[1]사원명부!C$1:G$65536,5,0),"") -> 남자 | M7: 4 | N7: 마상권 | O7: =IFERROR(VLOOKUP(N7,[1]사원명부!C$1:D$65536,2,0),"") -> 솔루션사업부 | P7: =IFERROR(VLOOKUP(N7,[1]사원명부!C$1:F$65536,4,0),"") -> 책임 | Q7: =IFERROR(VLOOKUP(N7,[1]사원명부!C$1:G$65536,5,0),"") -> 남자 | S7: 4 | T7: 김홍태 | U7: =IFERROR(VLOOKUP(T7,[1]사원명부!C$1:D$65536,2,0),"") -> 운영기술개발실 | V7: =IFERROR(VLOOKUP(T7,[1]사원명부!C$1:F$65536,4,0),"") -> 연구원 | W7: =IFERROR(VLOOKUP(T7,[1]사원명부!C$1:G$65536,5,0),"") -> 남자
A8: 5 | B8: 오헌경 | C8: =IFERROR(VLOOKUP(B8,[1]사원명부!C$1:D$65536,2,0),"") -> 응용개발1팀 | D8: =IFERROR(VLOOKUP(B8,[1]사원명부!C$1:F$65536,4,0),"") -> 책임 | E8: =IFERROR(VLOOKUP(B8,[1]사원명부!C$1:G$65536,5,0),"") -> 남자 | G8: 5 | H8: 황상윤 | I8: =IFERROR(VLOOKUP(H8,[1]사원명부!C$1:D$65536,2,0),"") -> SM사업팀 | J8: =IFERROR(VLOOKUP(H8,[1]사원명부!C$1:F$65536,4,0),"") -> 전임 | K8: =IFERROR(VLOOKUP(H8,[1]사원명부!C$1:G$65536,5,0),"") -> 남자 | M8: 5 | N8: 김완호 | O8: =IFERROR(VLOOKUP(N8,[1]사원명부!C$1:D$65536,2,0),"") -> 솔루션사업부 | P8: =IFERROR(VLOOKUP(N8,[1]사원명부!C$1:F$65536,4,0),"") -> 선임 | Q8: =IFERROR(VLOOKUP(N8,[1]사원명부!C$1:G$65536,5,0),"") -> 남자 | S8: 5 | T8: 최우혁 | U8: =IFERROR(VLOOKUP(T8,[1]사원명부!C$1:D$65536,2,0),"") -> 운영기술개발실 | V8: =IFERROR(VLOOKUP(T8,[1]사원명부!C$1:F$65536,4,0),"") -> 연구원 | W8: =IFERROR(VLOOKUP(T8,[1]사원명부!C$1:G$65536,5,0),"") -> 남자
A9: 6 | B9: 안준혁 | C9: =IFERROR(VLOOKUP(B9,[1]사원명부!C$1:D$65536,2,0),"") -> 응용개발1팀 | D9: =IFERROR(VLOOKUP(B9,[1]사원명부!C$1:F$65536,4,0),"") -> 선임 | E9: =IFERROR(VLOOKUP(B9,[1]사원명부!C$1:G$65536,5,0),"") -> 남자 | G9: 6 | H9: 서정인 | I9: =IFERROR(VLOOKUP(H9,[1]사원명부!C$1:D$65536,2,0),"") -> SM사업팀 | J9: =IFERROR(VLOOKUP(H9,[1]사원명부!C$1:F$65536,4,0),"") -> 전임 | K9: =IFERROR(VLOOKUP(H9,[1]사원명부!C$1:G$65536,5,0),"") -> 남자 | M9: 6 | N9: 오재권 | O9: =IFERROR(VLOOKUP(N9,[1]사원명부!C$1:D$65536,2,0),"") -> 솔루션사업부 | P9: =IFERROR(VLOOKUP(N9,[1]사원명부!C$1:F$65536,4,0),"") -> 선임 | Q9: =IFERROR(VLOOKUP(N9,[1]사원명부!C$1:G$65536,5,0),"") -> 남자 | S9: 6 | T9: 김경환 | U9: =IFERROR(VLOOKUP(T9,[1]사원명부!C$1:D$65536,2,0),"") -> 운영기술개발실 | V9: =IFERROR(VLOOKUP(T9,[1]사원명부!C$1:F$65536,4,0),"") -> 연구원 | W9: =IFERROR(VLOOKUP(T9,[1]사원명부!C$1:G$65536,5,0),"") -> 남자
A10: 7 | B10: 이예섭 | C10: =IFERROR(VLOOKUP(B10,[1]사원명부!C$1:D$65536,2,0),"") -> 응용개발1팀 | D10: =IFERROR(VLOOKUP(B10,[1]사원명부!C$1:F$65536,4,0),"") -> 전임 | E10: =IFERROR(VLOOKUP(B10,[1]사원명부!C$1:G$65536,5,0),"") -> 남자 | G10: 7 | H10: 최경규 | I10: =IFERROR(VLOOKUP(H10,[1]사원명부!C$1:D$65536,2,0),"") -> SM사업팀 | J10: =IFERROR(VLOOKUP(H10,[1]사원명부!C$1:F$65536,4,0),"") -> 연구원 | K10: =IFERROR(VLOOKUP(H10,[1]사원명부!C$1:G$65536,5,0),"") -> 남자 | M10: 7 | N10: 배성희 | O10: =IFERROR(VLOOKUP(N10,[1]사원명부!C$1:D$65536,2,0),"") -> 솔루션사업부 | P10: =IFERROR(VLOOKUP(N10,[1]사원명부!C$1:F$65536,4,0),"") -> 전임 | Q10: =IFERROR(VLOOKUP(N10,[1]사원명부!C$1:G$65536,5,0),"") -> 여자 | S10: 7 | T10: 박서준 | U10: =IFERROR(VLOOKUP(T10,[1]사원명부!C$1:D$65536,2,0),"") -> 운영기술개발실 | V10: =IFERROR(VLOOKUP(T10,[1]사원명부!C$1:F$65536,4,0),"") -> 연구원 | W10: =IFERROR(VLOOKUP(T10,[1]사원명부!C$1:G$65536,5,0),"") -> 남자
A11: 8 | B11: 신원지 | C11: =IFERROR(VLOOKUP(B11,[1]사원명부!C$1:D$65536,2,0),"") -> 응용개발1팀 | D11: =IFERROR(VLOOKUP(B11,[1]사원명부!C$1:F$65536,4,0),"") -> 연구원 | E11: =IFERROR(VLOOKUP(B11,[1]사원명부!C$1:G$65536,5,0),"") -> 여자 | G11: 8 | H11: 김세영 | I11: =IFERROR(VLOOKUP(H11,[1]사원명부!C$1:D$65536,2,0),"") -> SM사업팀 | J11: =IFERROR(VLOOKUP(H11,[1]사원명부!C$1:F$65536,4,0),"") -> 연구원 | K11: =IFERROR(VLOOKUP(H11,[1]사원명부!C$1:G$65536,5,0),"") -> 여자 | M11: 8 | N11: 정현석 | O11: =IFERROR(VLOOKUP(N11,[1]사원명부!C$1:D$65536,2,0),"") -> 솔루션사업부 | P11: =IFERROR(VLOOKUP(N11,[1]사원명부!C$1:F$65536,4,0),"") -> 전임 | Q11: =IFERROR(VLOOKUP(N11,[1]사원명부!C$1:G$65536,5,0),"") -> 남자 | S11: 8 | T11: 정회성 | U11: =IFERROR(VLOOKUP(T11,[1]사원명부!C$1:D$65536,2,0),"") -> 운영기술개발실 | V11: =IFERROR(VLOOKUP(T11,[1]사원명부!C$1:F$65536,4,0),"") -> 연구원 | W11: =IFERROR(VLOOKUP(T11,[1]사원명부!C$1:G$65536,5,0),"") -> 남자
A12: 9 | B12: 이재훈 | C12: =IFERROR(VLOOKUP(B12,[1]사원명부!C$1:D$65536,2,0),"") -> 응용개발2팀 | D12: =IFERROR(VLOOKUP(B12,[1]사원명부!C$1:F$65536,4,0),"") -> 책임 | E12: =IFERROR(VLOOKUP(B12,[1]사원명부!C$1:G$65536,5,0),"") -> 남자 | G12: 9 | H12: 조영은 | I12: =IFERROR(VLOOKUP(H12,[1]사원명부!C$1:D$65536,2,0),"") -> SM사업팀 | J12: =IFERROR(VLOOKUP(H12,[1]사원명부!C$1:F$65536,4,0),"") -> 연구원 | K12: =IFERROR(VLOOKUP(H12,[1]사원명부!C$1:G$65536,5,0),"") -> 여자 | M12: 9 | N12: 김대영 | O12: =IFERROR(VLOOKUP(N12,[1]사원명부!C$1:D$65536,2,0),"") -> 솔루션사업부 | P12: =IFERROR(VLOOKUP(N12,[1]사원명부!C$1:F$65536,4,0),"") -> 연구원 | Q12: =IFERROR(VLOOKUP(N12,[1]사원명부!C$1:G$65536,5,0),"") -> 남자 | S12: 9 | T12: 문병욱 | U12: =IFERROR(VLOOKUP(T12,[1]사원명부!C$1:D$65536,2,0),"") -> CEO | V12: =IFERROR(VLOOKUP(T12,[1]사원명부!C$1:F$65536,4,0),"") -> 대표이사 | W12: =IFERROR(VLOOKUP(T12,[1]사원명부!C$1:G$65536,5,0),"") -> 남자
A13: 10 | B13: 김지산 | C13: =IFERROR(VLOOKUP(B13,[1]사원명부!C$1:D$65536,2,0),"") -> 응용개발2팀 | D13: =IFERROR(VLOOKUP(B13,[1]사원명부!C$1:F$65536,4,0),"") -> 책임 | E13: =IFERROR(VLOOKUP(B13,[1]사원명부!C$1:G$65536,5,0),"") -> 남자 | G13: 10 | H13: 허유나 | I13: =IFERROR(VLOOKUP(H13,[1]사원명부!C$1:D$65536,2,0),"") -> SM사업팀 | J13: =IFERROR(VLOOKUP(H13,[1]사원명부!C$1:F$65536,4,0),"") -> 연구원 | K13: =IFERROR(VLOOKUP(H13,[1]사원명부!C$1:G$65536,5,0),"") -> 여자 | M13: 10 | N13: 박현수 | O13: =IFERROR(VLOOKUP(N13,[1]사원명부!C$1:D$65536,2,0),"") -> 솔루션사업부 | P13: =IFERROR(VLOOKUP(N13,[1]사원명부!C$1:F$65536,4,0),"") -> 연구원 | Q13: =IFERROR(VLOOKUP(N13,[1]사원명부!C$1:G$65536,5,0),"") -> 남자 | S13: 10 | T13: 임우철 | U13: =IFERROR(VLOOKUP(T13,[1]사원명부!C$1:D$65536,2,0),"") -> 경영지원팀 | V13: =IFERROR(VLOOKUP(T13,[1]사원명부!C$1:F$65536,4,0),"") -> 수석 | W13: =IFERROR(VLOOKUP(T13,[1]사원명부!C$1:G$65536,5,0),"") -> 남자
A14: 11 | B14: 복은서 | C14: =IFERROR(VLOOKUP(B14,[1]사원명부!C$1:D$65536,2,0),"") -> 응용개발2팀 | D14: =IFERROR(VLOOKUP(B14,[1]사원명부!C$1:F$65536,4,0),"") -> 전임 | E14: =IFERROR(VLOOKUP(B14,[1]사원명부!C$1:G$65536,5,0),"") -> 여자 | G14: 11 | H14: 이경준 | I14: =IFERROR(VLOOKUP(H14,[1]사원명부!C$1:D$65536,2,0),"") -> SM사업팀 | J14: =IFERROR(VLOOKUP(H14,[1]사원명부!C$1:F$65536,4,0),"") -> 연구원 | K14: =IFERROR(VLOOKUP(H14,[1]사원명부!C$1:G$65536,5,0),"") -> 남자 | M14: 11 | N14: 이수정 | O14: =IFERROR(VLOOKUP(N14,[1]사원명부!C$1:D$65536,2,0),"") -> 솔루션사업부 | P14: =IFERROR(VLOOKUP(N14,[1]사원명부!C$1:F$65536,4,0),"") -> 연구원 | Q14: =IFERROR(VLOOKUP(N14,[1]사원명부!C$1:G$65536,5,0),"") -> 여자 | S14: 11 | T14: 장은영 | U14: =IFERROR(VLOOKUP(T14,[1]사원명부!C$1:D$65536,2,0),"") -> 경영지원팀 | V14: =IFERROR(VLOOKUP(T14,[1]사원명부!C$1:F$65536,4,0),"") -> 책임 | W14: =IFERROR(VLOOKUP(T14,[1]사원명부!C$1:G$65536,5,0),"") -> 여자
A15: 12 | B15: 이자영 | C15: =IFERROR(VLOOKUP(B15,[1]사원명부!C$1:D$65536,2,0),"") -> 응용개발2팀 | D15: =IFERROR(VLOOKUP(B15,[1]사원명부!C$1:F$65536,4,0),"") -> 연구원 | E15: =IFERROR(VLOOKUP(B15,[1]사원명부!C$1:G$65536,5,0),"") -> 여자 | G15: 12 | H15: 박정훈 | I15: =IFERROR(VLOOKUP(H15,[1]사원명부!C$1:D$65536,2,0),"") -> SI사업팀 | J15: =IFERROR(VLOOKUP(H15,[1]사원명부!C$1:F$65536,4,0),"") -> 수석 | K15: =IFERROR(VLOOKUP(H15,[1]사원명부!C$1:G$65536,5,0),"") -> 남자 | M15: 12 | N15: 정태창 | O15: =IFERROR(VLOOKUP(N15,[1]사원명부!C$1:D$65536,2,0),"") -> 솔루션사업부 | P15: =IFERROR(VLOOKUP(N15,[1]사원명부!C$1:F$65536,4,0),"") -> 이사 | Q15: =IFERROR(VLOOKUP(N15,[1]사원명부!C$1:G$65536,5,0),"") -> 남자 | S15: 12 | T15: 김민성 | U15: =IFERROR(VLOOKUP(T15,[1]사원명부!C$1:D$65536,2,0),"") -> 경영지원팀 | V15: =IFERROR(VLOOKUP(T15,[1]사원명부!C$1:F$65536,4,0),"") -> 선임 | W15: =IFERROR(VLOOKUP(T15,[1]사원명부!C$1:G$65536,5,0),"") -> 남자
... A34: 31 | B34: 박수영 | C34: =IFERROR(VLOOKUP(B34,[1]사원명부!C$1:D$65536,2,0),"") -> 플랫폼개발센터 | D34: =IFERROR(VLOOKUP(B34,[1]사원명부!C$1:F$65536,4,0),"") -> 수석 | E34: =IFERROR(VLOOKUP(B34,[1]사원명부!C$1:G$65536,5,0),"") -> 남자 | G34: 31 | H34: 홍영호 | I34: =IFERROR(VLOOKUP(H34,[1]사원명부!C$1:D$65536,2,0),"") -> 사업수행팀 | J34: =IFERROR(VLOOKUP(H34,[1]사원명부!C$1:F$65536,4,0),"") -> 연구원 | K34: =IFERROR(VLOOKUP(H34,[1]사원명부!C$1:G$65536,5,0),"") -> 남자 | M34: 31 | N34: 심지우 | O34: =IFERROR(VLOOKUP(N34,[1]사원명부!C$1:D$65536,2,0),"") -> AI개발실 | P34: =IFERROR(VLOOKUP(N34,[1]사원명부!C$1:F$65536,4,0),"") -> 선임 | Q34: =IFERROR(VLOOKUP(N34,[1]사원명부!C$1:G$65536,5,0),"") -> 여자 | S34: 31 | T34: 박진우 | U34: =IFERROR(VLOOKUP(T34,[1]사원명부!C$1:D$65536,2,0),"") -> 영업대표 - 전략사업 | V34: =IFERROR(VLOOKUP(T34,[1]사원명부!C$1:F$65536,4,0),"") -> 연구원 | W34: =IFERROR(VLOOKUP(T34,[1]사원명부!C$1:G$65536,5,0),"") -> 남자
A35: 32 | B35: 김동균 | C35: =IFERROR(VLOOKUP(B35,[1]사원명부!C$1:D$65536,2,0),"") -> 플랫폼개발센터 | D35: =IFERROR(VLOOKUP(B35,[1]사원명부!C$1:F$65536,4,0),"") -> 책임 | E35: =IFERROR(VLOOKUP(B35,[1]사원명부!C$1:G$65536,5,0),"") -> 남자 | G35: 32 | I35: =IFERROR(VLOOKUP(H35,[1]사원명부!C$1:D$65536,2,0),"") | J35: =IFERROR(VLOOKUP(H35,[1]사원명부!C$1:F$65536,4,0),"") | K35: =IFERROR(VLOOKUP(H35,[1]사원명부!C$1:G$65536,5,0),"") | M35: 32 | N35: 윤성우 | O35: =IFERROR(VLOOKUP(N35,[1]사원명부!C$1:D$65536,2,0),"") -> AI개발실 | P35: =IFERROR(VLOOKUP(N35,[1]사원명부!C$1:F$65536,4,0),"") -> 전임 | Q35: =IFERROR(VLOOKUP(N35,[1]사원명부!C$1:G$65536,5,0),"") -> 남자 | S35: 32 | T35: 김창민 | U35: =IFERROR(VLOOKUP(T35,[1]사원명부!C$1:D$65536,2,0),"") -> 영업대표 - 공공부문 | V35: =IFERROR(VLOOKUP(T35,[1]사원명부!C$1:F$65536,4,0),"") -> 상무 | W35: =IFERROR(VLOOKUP(T35,[1]사원명부!C$1:G$65536,5,0),"") -> 남자
A36: 33 | B36: 김현철 | C36: =IFERROR(VLOOKUP(B36,[1]사원명부!C$1:D$65536,2,0),"") -> 플랫폼개발센터 | D36: =IFERROR(VLOOKUP(B36,[1]사원명부!C$1:F$65536,4,0),"") -> 책임 | E36: =IFERROR(VLOOKUP(B36,[1]사원명부!C$1:G$65536,5,0),"") -> 남자 | G36: 33 | I36: =IFERROR(VLOOKUP(H36,[1]사원명부!C$1:D$65536,2,0),"") | J36: =IFERROR(VLOOKUP(H36,[1]사원명부!C$1:F$65536,4,0),"") | K36: =IFERROR(VLOOKUP(H36,[1]사원명부!C$1:G$65536,5,0),"") | M36: 33 | N36: 정주은 | O36: =IFERROR(VLOOKUP(N36,[1]사원명부!C$1:D$65536,2,0),"") -> AI개발실 | P36: =IFERROR(VLOOKUP(N36,[1]사원명부!C$1:F$65536,4,0),"") -> 전임 | Q36: =IFERROR(VLOOKUP(N36,[1]사원명부!C$1:G$65536,5,0),"") -> 여자 | S36: 33 | T36: 박상규 | U36: =IFERROR(VLOOKUP(T36,[1]사원명부!C$1:D$65536,2,0),"") -> 영업대표 - 공공부문 | V36: =IFERROR(VLOOKUP(T36,[1]사원명부!C$1:F$65536,4,0),"") -> 수석 | W36: =IFERROR(VLOOKUP(T36,[1]사원명부!C$1:G$65536,5,0),"") -> 남자
A37: 34 | B37: 최재환 | C37: =IFERROR(VLOOKUP(B37,[1]사원명부!C$1:D$65536,2,0),"") -> 플랫폼개발센터 | D37: =IFERROR(VLOOKUP(B37,[1]사원명부!C$1:F$65536,4,0),"") -> 책임 | E37: =IFERROR(VLOOKUP(B37,[1]사원명부!C$1:G$65536,5,0),"") -> 남자 | G37: 34 | I37: =IFERROR(VLOOKUP(H37,[1]사원명부!C$1:D$65536,2,0),"") | J37: =IFERROR(VLOOKUP(H37,[1]사원명부!C$1:F$65536,4,0),"") | K37: =IFERROR(VLOOKUP(H37,[1]사원명부!C$1:G$65536,5,0),"") | M37: 34 | N37: 권혜정 | O37: =IFERROR(VLOOKUP(N37,[1]사원명부!C$1:D$65536,2,0),"") -> AI개발실 | P37: =IFERROR(VLOOKUP(N37,[1]사원명부!C$1:F$65536,4,0),"") -> 전임 | Q37: =IFERROR(VLOOKUP(N37,[1]사원명부!C$1:G$65536,5,0),"") -> 여자 | S37: 34 | T37: 남정찬 | U37: =IFERROR(VLOOKUP(T37,[1]사원명부!C$1:D$65536,2,0),"") -> 영업대표 - 공공부문 | V37: =IFERROR(VLOOKUP(T37,[1]사원명부!C$1:F$65536,4,0),"") -> 전임 | W37: =IFERROR(VLOOKUP(T37,[1]사원명부!C$1:G$65536,5,0),"") -> 남자
A38: 35 | B38: 박종화 | C38: =IFERROR(VLOOKUP(B38,[1]사원명부!C$1:D$65536,2,0),"") -> 플랫폼개발센터 | D38: =IFERROR(VLOOKUP(B38,[1]사원명부!C$1:F$65536,4,0),"") -> 전임 | E38: =IFERROR(VLOOKUP(B38,[1]사원명부!C$1:G$65536,5,0),"") -> 남자 | G38: 35 | I38: =IFERROR(VLOOKUP(H38,[1]사원명부!C$1:D$65536,2,0),"") | J38: =IFERROR(VLOOKUP(H38,[1]사원명부!C$1:F$65536,4,0),"") | K38: =IFERROR(VLOOKUP(H38,[1]사원명부!C$1:G$65536,5,0),"") | M38: 35 | N38: 이지호 | O38: =IFERROR(VLOOKUP(N38,[1]사원명부!C$1:D$65536,2,0),"") -> AI개발실 | P38: =IFERROR(VLOOKUP(N38,[1]사원명부!C$1:F$65536,4,0),"") -> 연구원 | Q38: =IFERROR(VLOOKUP(N38,[1]사원명부!C$1:G$65536,5,0),"") -> 남자 | S38: 35 | T38: 주현석 | U38: =IFERROR(VLOOKUP(T38,[1]사원명부!C$1:D$65536,2,0),"") -> 에너지사업부 | V38: =IFERROR(VLOOKUP(T38,[1]사원명부!C$1:F$65536,4,0),"") -> 상무 | W38: =IFERROR(VLOOKUP(T38,[1]사원명부!C$1:G$65536,5,0),"") -> 남자
A39: 36 | B39: 문병권 | C39: =IFERROR(VLOOKUP(B39,[1]사원명부!C$1:D$65536,2,0),"") -> 플랫폼개발센터 | D39: =IFERROR(VLOOKUP(B39,[1]사원명부!C$1:F$65536,4,0),"") -> 전임 | E39: =IFERROR(VLOOKUP(B39,[1]사원명부!C$1:G$65536,5,0),"") -> 남자 | G39: 36 | I39: =IFERROR(VLOOKUP(H39,[1]사원명부!C$1:D$65536,2,0),"") | J39: =IFERROR(VLOOKUP(H39,[1]사원명부!C$1:F$65536,4,0),"") | K39: =IFERROR(VLOOKUP(H39,[1]사원명부!C$1:G$65536,5,0),"") | M39: 36 | N39: 송용학 | O39: =IFERROR(VLOOKUP(N39,[1]사원명부!C$1:D$65536,2,0),"") -> 항행관제사업부 | P39: =IFERROR(VLOOKUP(N39,[1]사원명부!C$1:F$65536,4,0),"") -> 이사 | Q39: =IFERROR(VLOOKUP(N39,[1]사원명부!C$1:G$65536,5,0),"") -> 남자 | S39: 36 | T39: 최재연 | U39: =IFERROR(VLOOKUP(T39,[1]사원명부!C$1:D$65536,2,0),"") -> 에너지사업부 | V39: =IFERROR(VLOOKUP(T39,[1]사원명부!C$1:F$65536,4,0),"") -> 수석 | W39: =IFERROR(VLOOKUP(T39,[1]사원명부!C$1:G$65536,5,0),"") -> 남자
A40: 37 | B40: 이예은 | C40: =IFERROR(VLOOKUP(B40,[1]사원명부!C$1:D$65536,2,0),"") -> 플랫폼개발센터 | D40: =IFERROR(VLOOKUP(B40,[1]사원명부!C$1:F$65536,4,0),"") -> 연구원 | E40: =IFERROR(VLOOKUP(B40,[1]사원명부!C$1:G$65536,5,0),"") -> 여자 | G40: 37 | I40: =IFERROR(VLOOKUP(H40,[1]사원명부!C$1:D$65536,2,0),"") | J40: =IFERROR(VLOOKUP(H40,[1]사원명부!C$1:F$65536,4,0),"") | K40: =IFERROR(VLOOKUP(H40,[1]사원명부!C$1:G$65536,5,0),"") | M40: 37 | N40: 양승호 | O40: =IFERROR(VLOOKUP(N40,[1]사원명부!C$1:D$65536,2,0),"") -> 항행관제사업부 | P40: =IFERROR(VLOOKUP(N40,[1]사원명부!C$1:F$65536,4,0),"") -> 이사 | Q40: =IFERROR(VLOOKUP(N40,[1]사원명부!C$1:G$65536,5,0),"") -> 남자 | S40: 37 | T40: 김태민 | U40: =IFERROR(VLOOKUP(T40,[1]사원명부!C$1:D$65536,2,0),"") -> 에너지사업부 | V40: =IFERROR(VLOOKUP(T40,[1]사원명부!C$1:F$65536,4,0),"") -> 책임 | W40: =IFERROR(VLOOKUP(T40,[1]사원명부!C$1:G$65536,5,0),"") -> 남자
A41: 38 | B41: 최현정 | C41: =IFERROR(VLOOKUP(B41,[1]사원명부!C$1:D$65536,2,0),"") -> 플랫폼개발센터 | D41: =IFERROR(VLOOKUP(B41,[1]사원명부!C$1:F$65536,4,0),"") -> 연구원 | E41: =IFERROR(VLOOKUP(B41,[1]사원명부!C$1:G$65536,5,0),"") -> 여자 | G41: 38 | I41: =IFERROR(VLOOKUP(H41,[1]사원명부!C$1:D$65536,2,0),"") | J41: =IFERROR(VLOOKUP(H41,[1]사원명부!C$1:F$65536,4,0),"") | K41: =IFERROR(VLOOKUP(H41,[1]사원명부!C$1:G$65536,5,0),"") | M41: 38 | N41: 김현근 | O41: =IFERROR(VLOOKUP(N41,[1]사원명부!C$1:D$65536,2,0),"") -> 항행관제사업1팀 | P41: =IFERROR(VLOOKUP(N41,[1]사원명부!C$1:F$65536,4,0),"") -> 책임 | Q41: =IFERROR(VLOOKUP(N41,[1]사원명부!C$1:G$65536,5,0),"") -> 남자 | S41: 38 | T41: 이선호 | U41: =IFERROR(VLOOKUP(T41,[1]사원명부!C$1:D$65536,2,0),"") -> 에너지사업부 | V41: =IFERROR(VLOOKUP(T41,[1]사원명부!C$1:F$65536,4,0),"") -> 전임 | W41: =IFERROR(VLOOKUP(T41,[1]사원명부!C$1:G$65536,5,0),"") -> 남자
A42: 39 | B42: 양재훈 | C42: =IFERROR(VLOOKUP(B42,[1]사원명부!C$1:D$65536,2,0),"") -> 모빌리티개발팀 | D42: =IFERROR(VLOOKUP(B42,[1]사원명부!C$1:F$65536,4,0),"") -> 상무 | E42: =IFERROR(VLOOKUP(B42,[1]사원명부!C$1:G$65536,5,0),"") -> 남자 | G42: 39 | I42: =IFERROR(VLOOKUP(H42,[1]사원명부!C$1:D$65536,2,0),"") | J42: =IFERROR(VLOOKUP(H42,[1]사원명부!C$1:F$65536,4,0),"") | K42: =IFERROR(VLOOKUP(H42,[1]사원명부!C$1:G$65536,5,0),"") | M42: 39 | N42: 노수기 | O42: =IFERROR(VLOOKUP(N42,[1]사원명부!C$1:D$65536,2,0),"") -> 항행관제사업1팀 | P42: =IFERROR(VLOOKUP(N42,[1]사원명부!C$1:F$65536,4,0),"") -> 선임 | Q42: =IFERROR(VLOOKUP(N42,[1]사원명부!C$1:G$65536,5,0),"") -> 남자 | S42: 39 | T42: 이덕수 | U42: =IFERROR(VLOOKUP(T42,[1]사원명부!C$1:D$65536,2,0),"") -> 에너지사업부 | V42: =IFERROR(VLOOKUP(T42,[1]사원명부!C$1:F$65536,4,0),"") -> 이사 | W42: =IFERROR(VLOOKUP(T42,[1]사원명부!C$1:G$65536,5,0),"") -> 남자
A43: 40 | B43: 김희창 | C43: =IFERROR(VLOOKUP(B43,[1]사원명부!C$1:D$65536,2,0),"") -> 모빌리티개발팀 | D43: =IFERROR(VLOOKUP(B43,[1]사원명부!C$1:F$65536,4,0),"") -> 수석 | E43: =IFERROR(VLOOKUP(B43,[1]사원명부!C$1:G$65536,5,0),"") -> 남자 | G43: 40 | I43: =IFERROR(VLOOKUP(H43,[1]사원명부!C$1:D$65536,2,0),"") | J43: =IFERROR(VLOOKUP(H43,[1]사원명부!C$1:F$65536,4,0),"") | K43: =IFERROR(VLOOKUP(H43,[1]사원명부!C$1:G$65536,5,0),"") | M43: 40 | N43: 장호철 | O43: =IFERROR(VLOOKUP(N43,[1]사원명부!C$1:D$65536,2,0),"") -> 항행관제사업1팀 | P43: =IFERROR(VLOOKUP(N43,[1]사원명부!C$1:F$65536,4,0),"") -> 선임 | Q43: =IFERROR(VLOOKUP(N43,[1]사원명부!C$1:G$65536,5,0),"") -> 남자 | S43: 40 | T43: 김영훈 | U43: =IFERROR(VLOOKUP(T43,[1]사원명부!C$1:D$65536,2,0),"") -> 전략기획실 | V43: =IFERROR(VLOOKUP(T43,[1]사원명부!C$1:F$65536,4,0),"") -> 수석 | W43: =IFERROR(VLOOKUP(T43,[1]사원명부!C$1:G$65536,5,0),"") -> 남자
A44: 41 | B44: 이정호 | C44: =IFERROR(VLOOKUP(B44,[1]사원명부!C$1:D$65536,2,0),"") -> 모빌리티개발팀 | D44: =IFERROR(VLOOKUP(B44,[1]사원명부!C$1:F$65536,4,0),"") -> 수석 | E44: =IFERROR(VLOOKUP(B44,[1]사원명부!C$1:G$65536,5,0),"") -> 남자 | G44: 41 | I44: =IFERROR(VLOOKUP(H44,[1]사원명부!C$1:D$65536,2,0),"") | J44: =IFERROR(VLOOKUP(H44,[1]사원명부!C$1:F$65536,4,0),"") | K44: =IFERROR(VLOOKUP(H44,[1]사원명부!C$1:G$65536,5,0),"") | M44: 41 | N44: 김서현 | O44: =IFERROR(VLOOKUP(N44,[1]사원명부!C$1:D$65536,2,0),"") -> 항행관제사업1팀 | P44: =IFERROR(VLOOKUP(N44,[1]사원명부!C$1:F$65536,4,0),"") -> 연구원 | Q44: =IFERROR(VLOOKUP(N44,[1]사원명부!C$1:G$65536,5,0),"") -> 여자 | S44: 41 | T44: 이섬결 | U44: =IFERROR(VLOOKUP(T44,[1]사원명부!C$1:D$65536,2,0),"") -> 전략기획실 | V44: =IFERROR(VLOOKUP(T44,[1]사원명부!C$1:F$65536,4,0),"") -> 책임 | W44: =IFERROR(VLOOKUP(T44,[1]사원명부!C$1:G$65536,5,0),"") -> 여자
A45: 42 | B45: 이재욱 | C45: =IFERROR(VLOOKUP(B45,[1]사원명부!C$1:D$65536,2,0),"") -> 모빌리티개발팀 | D45: =IFERROR(VLOOKUP(B45,[1]사원명부!C$1:F$65536,4,0),"") -> 책임 | E45: =IFERROR(VLOOKUP(B45,[1]사원명부!C$1:G$65536,5,0),"") -> 남자 | G45: 42 | I45: =IFERROR(VLOOKUP(H45,[1]사원명부!C$1:D$65536,2,0),"") | J45: =IFERROR(VLOOKUP(H45,[1]사원명부!C$1:F$65536,4,0),"") | K45: =IFERROR(VLOOKUP(H45,[1]사원명부!C$1:G$65536,5,0),"") | M45: 42 | N45: 김일웅 | O45: =IFERROR(VLOOKUP(N45,[1]사원명부!C$1:D$65536,2,0),"") -> 항행관제사업2팀 | P45: =IFERROR(VLOOKUP(N45,[1]사원명부!C$1:F$65536,4,0),"") -> 수석 | Q45: =IFERROR(VLOOKUP(N45,[1]사원명부!C$1:G$65536,5,0),"") -> 남자 | S45: 42 | T45: 양승원 | U45: =IFERROR(VLOOKUP(T45,[1]사원명부!C$1:D$65536,2,0),"") -> 전략기획실 | V45: =IFERROR(VLOOKUP(T45,[1]사원명부!C$1:F$65536,4,0),"") -> 선임 | W45: =IFERROR(VLOOKUP(T45,[1]사원명부!C$1:G$65536,5,0),"") -> 여자
A46: 43 | B46: 김민균 | C46: =IFERROR(VLOOKUP(B46,[1]사원명부!C$1:D$65536,2,0),"") -> 모빌리티개발팀 | D46: =IFERROR(VLOOKUP(B46,[1]사원명부!C$1:F$65536,4,0),"") -> 전임 | E46: =IFERROR(VLOOKUP(B46,[1]사원명부!C$1:G$65536,5,0),"") -> 남자 | G46: 43 | I46: =IFERROR(VLOOKUP(H46,[1]사원명부!C$1:D$65536,2,0),"") | J46: =IFERROR(VLOOKUP(H46,[1]사원명부!C$1:F$65536,4,0),"") | K46: =IFERROR(VLOOKUP(H46,[1]사원명부!C$1:G$65536,5,0),"") | M46: 43 | N46: 오병희 | O46: =IFERROR(VLOOKUP(N46,[1]사원명부!C$1:D$65536,2,0),"") -> 항행관제사업2팀 | P46: =IFERROR(VLOOKUP(N46,[1]사원명부!C$1:F$65536,4,0),"") -> 선임 | Q46: =IFERROR(VLOOKUP(N46,[1]사원명부!C$1:G$65536,5,0),"") -> 남자 | S46: 43 | T46: 지소휘 | U46: =IFERROR(VLOOKUP(T46,[1]사원명부!C$1:D$65536,2,0),"") -> 전략기획실 | V46: =IFERROR(VLOOKUP(T46,[1]사원명부!C$1:F$65536,4,0),"") -> 전임 | W46: =IFERROR(VLOOKUP(T46,[1]사원명부!C$1:G$65536,5,0),"") -> 여자
A47: 44 | B47: 김선환 | C47: =IFERROR(VLOOKUP(B47,[1]사원명부!C$1:D$65536,2,0),"") -> 모빌리티개발팀 | D47: =IFERROR(VLOOKUP(B47,[1]사원명부!C$1:F$65536,4,0),"") -> 연구원 | E47: =IFERROR(VLOOKUP(B47,[1]사원명부!C$1:G$65536,5,0),"") -> 남자 | G47: 44 | I47: =IFERROR(VLOOKUP(H47,[1]사원명부!C$1:D$65536,2,0),"") | J47: =IFERROR(VLOOKUP(H47,[1]사원명부!C$1:F$65536,4,0),"") | K47: =IFERROR(VLOOKUP(H47,[1]사원명부!C$1:G$65536,5,0),"") | M47: 44 | N47: 윤태상 | O47: =IFERROR(VLOOKUP(N47,[1]사원명부!C$1:D$65536,2,0),"") -> 항행관제사업2팀 | P47: =IFERROR(VLOOKUP(N47,[1]사원명부!C$1:F$65536,4,0),"") -> 연구원 | Q47: =IFERROR(VLOOKUP(N47,[1]사원명부!C$1:G$65536,5,0),"") -> 남자 | S47: 44 | U47: =IFERROR(VLOOKUP(T47,[1]사원명부!C$1:D$65536,2,0),"") | V47: =IFERROR(VLOOKUP(T47,[1]사원명부!C$1:F$65536,4,0),"") | W47: =IFERROR(VLOOKUP(T47,[1]사원명부!C$1:G$65536,5,0),"")
A48: 45 | C48: =IFERROR(VLOOKUP(B48,[1]사원명부!C$1:D$65536,2,0),"") | D48: =IFERROR(VLOOKUP(B48,[1]사원명부!C$1:F$65536,4,0),"") | E48: =IFERROR(VLOOKUP(B48,[1]사원명부!C$1:G$65536,5,0),"") | G48: 45 | I48: =IFERROR(VLOOKUP(H48,[1]사원명부!C$1:D$65536,2,0),"") | J48: =IFERROR(VLOOKUP(H48,[1]사원명부!C$1:F$65536,4,0),"") | K48: =IFERROR(VLOOKUP(H48,[1]사원명부!C$1:G$65536,5,0),"") | M48: 45 | N48: 심지열 | O48: =IFERROR(VLOOKUP(N48,[1]사원명부!C$1:D$65536,2,0),"") -> 항행관제사업2팀 | P48: =IFERROR(VLOOKUP(N48,[1]사원명부!C$1:F$65536,4,0),"") -> 연구원 | Q48: =IFERROR(VLOOKUP(N48,[1]사원명부!C$1:G$65536,5,0),"") -> 남자 | S48: 45 | U48: =IFERROR(VLOOKUP(T48,[1]사원명부!C$1:D$65536,2,0),"") | V48: =IFERROR(VLOOKUP(T48,[1]사원명부!C$1:F$65536,4,0),"") | W48: =IFERROR(VLOOKUP(T48,[1]사원명부!C$1:G$65536,5,0),"")
A49: 46 | C49: =IFERROR(VLOOKUP(B49,[1]사원명부!C$1:D$65536,2,0),"") | D49: =IFERROR(VLOOKUP(B49,[1]사원명부!C$1:F$65536,4,0),"") | E49: =IFERROR(VLOOKUP(B49,[1]사원명부!C$1:G$65536,5,0),"") | G49: 46 | I49: =IFERROR(VLOOKUP(H49,[1]사원명부!C$1:D$65536,2,0),"") | J49: =IFERROR(VLOOKUP(H49,[1]사원명부!C$1:F$65536,4,0),"") | K49: =IFERROR(VLOOKUP(H49,[1]사원명부!C$1:G$65536,5,0),"") | M49: 46 | N49: 김다해 | O49: =IFERROR(VLOOKUP(N49,[1]사원명부!C$1:D$65536,2,0),"") -> 항행관제사업2팀 | P49: =IFERROR(VLOOKUP(N49,[1]사원명부!C$1:F$65536,4,0),"") -> 사원 | Q49: =IFERROR(VLOOKUP(N49,[1]사원명부!C$1:G$65536,5,0),"") -> 여자 | S49: 46 | U49: =IFERROR(VLOOKUP(T49,[1]사원명부!C$1:D$65536,2,0),"") | V49: =IFERROR(VLOOKUP(T49,[1]사원명부!C$1:F$65536,4,0),"") | W49: =IFERROR(VLOOKUP(T49,[1]사원명부!C$1:G$65536,5,0),"")
A50: 47 | C50: =IFERROR(VLOOKUP(B50,[1]사원명부!C$1:D$65536,2,0),"") | D50: =IFERROR(VLOOKUP(B50,[1]사원명부!C$1:F$65536,4,0),"") | E50: =IFERROR(VLOOKUP(B50,[1]사원명부!C$1:G$65536,5,0),"") | G50: 47 | I50: =IFERROR(VLOOKUP(H50,[1]사원명부!C$1:D$65536,2,0),"") | J50: =IFERROR(VLOOKUP(H50,[1]사원명부!C$1:F$65536,4,0),"") | K50: =IFERROR(VLOOKUP(H50,[1]사원명부!C$1:G$65536,5,0),"") | M50: 47 | O50: =IFERROR(VLOOKUP(N50,[1]사원명부!C$1:D$65536,2,0),"") | P50: =IFERROR(VLOOKUP(N50,[1]사원명부!C$1:F$65536,4,0),"") | Q50: =IFERROR(VLOOKUP(N50,[1]사원명부!C$1:G$65536,5,0),"") | S50: 47 | U50: =IFERROR(VLOOKUP(T50,[1]사원명부!C$1:D$65536,2,0),"") | V50: =IFERROR(VLOOKUP(T50,[1]사원명부!C$1:F$65536,4,0),"") | W50: =IFERROR(VLOOKUP(T50,[1]사원명부!C$1:G$65536,5,0),"")
A51: 48 | C51: =IFERROR(VLOOKUP(B51,[1]사원명부!C$1:D$65536,2,0),"") | D51: =IFERROR(VLOOKUP(B51,[1]사원명부!C$1:F$65536,4,0),"") | E51: =IFERROR(VLOOKUP(B51,[1]사원명부!C$1:G$65536,5,0),"") | G51: 48 | I51: =IFERROR(VLOOKUP(H51,[1]사원명부!C$1:D$65536,2,0),"") | J51: =IFERROR(VLOOKUP(H51,[1]사원명부!C$1:F$65536,4,0),"") | K51: =IFERROR(VLOOKUP(H51,[1]사원명부!C$1:G$65536,5,0),"") | M51: 48 | O51: =IFERROR(VLOOKUP(N51,[1]사원명부!C$1:D$65536,2,0),"") | P51: =IFERROR(VLOOKUP(N51,[1]사원명부!C$1:F$65536,4,0),"") | Q51: =IFERROR(VLOOKUP(N51,[1]사원명부!C$1:G$65536,5,0),"") | S51: 48 | U51: =IFERROR(VLOOKUP(T51,[1]사원명부!C$1:D$65536,2,0),"") | V51: =IFERROR(VLOOKUP(T51,[1]사원명부!C$1:F$65536,4,0),"") | W51: =IFERROR(VLOOKUP(T51,[1]사원명부!C$1:G$65536,5,0),"")
A52: 49 | C52: =IFERROR(VLOOKUP(B52,[1]사원명부!C$1:D$65536,2,0),"") | D52: =IFERROR(VLOOKUP(B52,[1]사원명부!C$1:F$65536,4,0),"") | E52: =IFERROR(VLOOKUP(B52,[1]사원명부!C$1:G$65536,5,0),"") | G52: 49 | I52: =IFERROR(VLOOKUP(H52,[1]사원명부!C$1:D$65536,2,0),"") | J52: =IFERROR(VLOOKUP(H52,[1]사원명부!C$1:F$65536,4,0),"") | K52: =IFERROR(VLOOKUP(H52,[1]사원명부!C$1:G$65536,5,0),"") | M52: 49 | O52: =IFERROR(VLOOKUP(N52,[1]사원명부!C$1:D$65536,2,0),"") | P52: =IFERROR(VLOOKUP(N52,[1]사원명부!C$1:F$65536,4,0),"") | Q52: =IFERROR(VLOOKUP(N52,[1]사원명부!C$1:G$65536,5,0),"") | S52: 49 | U52: =IFERROR(VLOOKUP(T52,[1]사원명부!C$1:D$65536,2,0),"") | V52: =IFERROR(VLOOKUP(T52,[1]사원명부!C$1:F$65536,4,0),"") | W52: =IFERROR(VLOOKUP(T52,[1]사원명부!C$1:G$65536,5,0),"")
A53: 50 | C53: =IFERROR(VLOOKUP(B53,[1]사원명부!C$1:D$65536,2,0),"") | D53: =IFERROR(VLOOKUP(B53,[1]사원명부!C$1:F$65536,4,0),"") | E53: =IFERROR(VLOOKUP(B53,[1]사원명부!C$1:G$65536,5,0),"") | G53: 50 | I53: =IFERROR(VLOOKUP(H53,[1]사원명부!C$1:D$65536,2,0),"") | J53: =IFERROR(VLOOKUP(H53,[1]사원명부!C$1:F$65536,4,0),"") | K53: =IFERROR(VLOOKUP(H53,[1]사원명부!C$1:G$65536,5,0),"") | M53: 50 | O53: =IFERROR(VLOOKUP(N53,[1]사원명부!C$1:D$65536,2,0),"") | P53: =IFERROR(VLOOKUP(N53,[1]사원명부!C$1:F$65536,4,0),"") | Q53: =IFERROR(VLOOKUP(N53,[1]사원명부!C$1:G$65536,5,0),"") | S53: 50 | U53: =IFERROR(VLOOKUP(T53,[1]사원명부!C$1:D$65536,2,0),"") | V53: =IFERROR(VLOOKUP(T53,[1]사원명부!C$1:F$65536,4,0),"") | W53: =IFERROR(VLOOKUP(T53,[1]사원명부!C$1:G$65536,5,0),"")
A54: 성별 | B54: 남 | D54: =COUNTIF(E4:E53, "남자") -> 35 | G54: 성별 | H54: 남 | J54: =COUNTIF(K4:K53, "남자") -> 24 | M54: 성별 | N54: 남 | P54: =COUNTIF(Q4:Q53, "남자") -> 39 | S54: 성별 | T54: 남 | V54: =COUNTIF(W4:W53, "남자") -> 31
B55: 여 | D55: =COUNTIF(E4:E53, "여자") -> 9 | H55: 여 | J55: =COUNTIF(K4:K53, "여자") -> 7 | N55: 여 | P55: =COUNTIF(Q4:Q53, "여자") -> 7 | T55: 여 | V55: =COUNTIF(W4:W53, "여자") -> 12
D56: =+D54+D55 -> 44 | J56: =+J55+J54 -> 31 | P56: =+P54+P55 -> 46 | V56: =+V54+V55 -> 43
T58: 총 인원 | V58: =+V56+P56+J56+D56 -> 164
